kfold,accuracy
1,0.9186046511627907
2,0.9069767441860465
3,0.9767441860465116
4,0.9651162790697675
5,0.9651162790697675
mean,0.9465116279069766
standard deviation,0.02810010691533624
