kfold,accuracy
1,0.8837209302325582
2,0.9302325581395349
3,0.9767441860465116
4,0.9651162790697675
5,0.9767441860465116
mean,0.9465116279069768
standard deviation,0.03572625929241212
