kfold,accuracy
1,0.9186046511627907
2,0.9186046511627907
3,0.9767441860465116
4,0.9651162790697675
5,0.9767441860465116
mean,0.9511627906976743
standard deviation,0.02692055093672146
