kfold,accuracy
1,0.7647058823529411
2,0.9705882352941176
3,0.9411764705882353
4,0.9411764705882353
5,0.9705882352941176
mean,0.9176470588235295
standard deviation,0.07759356446042896
