kfold,accuracy
1,0.9117647058823529
2,0.9411764705882353
3,0.9411764705882353
4,0.9705882352941176
5,0.9705882352941176
mean,0.9470588235294117
standard deviation,0.022009749333964365
