kfold,accuracy
1,0.7941176470588235
2,1.0
3,0.9411764705882353
4,0.9411764705882353
5,1.0
mean,0.9352941176470588
standard deviation,0.07533087338156294
